{
	"id": 1,
	"jsonrpc": "2.0",
	"total": 5,
	"result": [
		{
			"id": 1,
			"guid": "861d3f45-28ce-4b10-80e5-e98fafee4da3",
			"thumb": "https://skounis.s3.amazonaws.com/mobile-apps/restaurant-ionic/_release/assets/cat-placeholder-thumb.png",
			"title": "Shrimp Rolls",
			"body": "Donec euismod mattis finibus. In finibus risus vitae tortor varius, eu ornare erat sodales. Nullam ut dignissim mauris.",
			"tags": ["euismod", "finibus", "ornare"],
			"standardOptions":[
				{
					"name": "Celery",
					"selected": true
				},
				{
					"name": "Corn",
					"selected": true
				},
				{
					"name": "Butter",
					"selected": true
				},
				{
					"name": "Rice",
					"selected": true
				}
			],
			"extraOptions": [
				{
					"name": "Mayonnaise",
					"selected": true,
					"value": "2.10"
				},
				{
					"name": "Lemon sauce",
					"selected": false,
					"value": "3.20"
				}
			],
			"price" : [
			{
				"name": "Single",
				"value": "6",
				"currency": "$"
			}, {
				"name": "Double",
				"value": "11",
				"currency": "$"
			}
			],
			"pictures": [
				"https://skounis.s3.amazonaws.com/mobile-apps/restaurant-ionic/_release/assets/cat-placeholder.png"
			]
		}, {
			"id": 2,
			"guid": "6630fb89-94d6-4fec-a1c3-c48d80b888b2",
			"thumb": "https://skounis.s3.amazonaws.com/mobile-apps/restaurant-ionic/_release/assets/cat-placeholder-thumb.png",
			"title": "Chicken and Onion Mix",
			"body": "Aliquam non augue eget libero vulputate facilisis nec vitae neque.",
			"tags": ["augue"],
			"standardOptions":[
				{
					"name": "Chicken",
					"selected": true
				},
				{
					"name": "Chili",
					"selected": true
				},
				{
					"name": "Paprika",
					"selected": true
				},
				{
					"name": "Onions",
					"selected": true
				}
			],
			"price" : [
			{
				"name": "Single",
				"value": "5",
				"currency": "$"
			}, {
				"name": "Double",
				"value": "7",
				"currency": "$"
			}
			],
			"pictures": [
				"https://skounis.s3.amazonaws.com/mobile-apps/restaurant-ionic/_release/assets/cat-placeholder.png"
			]
		}, {
			"id": 3,
			"guid": "861d3f45-28ce-4b10-80e5-e98fafee4dc3",
			"thumb": "https://skounis.s3.amazonaws.com/mobile-apps/restaurant-ionic/_release/assets/cat-placeholder-thumb.png",
			"title": "Chocolate and Caramel Cake",
			"body": "Vestibulum posuere lacinia ante a tristique. Aenean vitae lobortis augue. Vivamus et dolor tempus sapien rhoncus congue. Integer ut suscipit nibh, at luctus velit. Donec ut iaculis dui.",
			"tags": ["posuere","tristique"],
			"standardOptions":[
				{
					"name": "Chocolate syrup",
					"selected": true
				}
			],
			"extraOptions": [
				{
					"name": "Fresh strawberries",
					"selected": false,
					"value": "4"
				},
				{
					"name": "Sparkling wine",
					"selected": false,
					"value": "7"
				}
			],
			"price" : [
			{
				"name": "Small",
				"value": "7",
				"currency": "$"
			}, {
				"name": "Normal",
				"value": "9",
				"currency": "$"
			}
			],
			"pictures": [
				"https://skounis.s3.amazonaws.com/mobile-apps/restaurant-ionic/_release/assets/cat-placeholder.png"
			]
		}, {
			"id": 4,
			"guid": "4e0d6228-1ffc-46d4-ba68-22454728ddd5",
			"thumb": "https://skounis.s3.amazonaws.com/mobile-apps/restaurant-ionic/_release/assets/cat-placeholder-thumb.png",
			"title": "Crawfish",
			"body": "Maecenas magna lacus, scelerisque vitae interdum nec, imperdiet bibendum risus. Curabitur et pretium leo, dignissim pellentesque dui.",
			"tags": ["risus"],
			"standardOptions":[
				{
					"name": "Lemon juice",
					"selected": true
				},
				{
					"name": "Rice",
					"selected": false
				}
			],
			"extraOptions": [
				{
					"name": "Parsley sauce",
					"selected": false,
					"value": "3.10"
				}
			],
			"price" : [
			{
				"name": "Standard",
				"value": "16",
				"currency": "$"
			}, {
				"name": "Large",
				"value": "18",
				"currency": "$"
			}
			],
			"pictures": [
				"https://skounis.s3.amazonaws.com/mobile-apps/restaurant-ionic/_release/assets/cat-placeholder.png"
			]
		}, {
			"id": 5,
			"guid": "9457720m-28ce-4b10-80e5-88ngtw590mcbt",
			"thumb": "https://skounis.s3.amazonaws.com/mobile-apps/restaurant-ionic/_release/assets/cat-placeholder-thumb.png",
			"title": "Radish Salad With Herbs",
			"body": "Mauris blandit odio eu ullamcorper vestibulum. Integer neque tortor, pretium at lectus sit amet, viverra dignissim felis.",
			"tags": ["blandit", "ullamcorper"],
			"standardOptions":[
				{
					"name": "Onion",
					"selected": true
				},
				{
					"name": "Lime juice",
					"selected": true
				},
				{
					"name": "Orange juice",
					"selected": true
				},
				{
					"name": "Apple cider",
					"selected": true
				}
			],
			"price" : [
			{
				"name": " Standard",
				"value": "11",
				"currency": "$"
			}
			],
			"pictures": [
				"https://skounis.s3.amazonaws.com/mobile-apps/restaurant-ionic/_release/assets/cat-placeholder.png"
			]
		}
	]
}
